id,expected
0,0.5260894594358809
1,0.3879720725628111
2,0.5386813290053503
3,0.7719335293090643
4,0.8514676522145874
5,0.4408756880646294
6,0.39286623746142424
7,0.33508442623670565
8,0.741213771823733
9,0.6364956465537044
10,0.6846859792391757
11,0.3837850175794222
12,0.32755846761235163
13,0.5048609093198502
14,0.5181493688922802
15,0.8852309283699411
16,0.5909161943876908
17,0.57249507771599
18,0.408463364262875
19,0.5714131676796952
